Name,Start Time(ns),Duration(ns),GridX,GridY,GridZ,BlockX,BlockY,BlockZ,Registers/Thread,Static Shared Memory,Dynamic Shared Memory,Global Memory Load Efficiency(%),Achieved Occupancy,Global Memory Store Efficiency(%)
"matrixMulKernel(matrix, matrix, matrix)",21818925,997647648,2039,16,1,1,32,1,21,0,0,125.368,0.868,69.102
"matrixMulKernel(matrix, matrix, matrix)",1022828093,132860706,68,16,1,30,32,1,21,0,0,125.368,0.868,69.102
"matrixMulKernel(matrix, matrix, matrix)",1158332851,153047714,170,16,1,12,32,1,21,0,0,138.368,0.844,59.199
"matrixMulKernel(matrix, matrix, matrix)",1314070022,119840016,85,16,1,24,32,1,21,0,0,135.622,0.871,63.385
"matrixMulKernel(matrix, matrix, matrix)",1436556906,126545949,93,16,1,22,32,1,21,0,0,121.389,0.88,68.728
"matrixMulKernel(matrix, matrix, matrix)",1565742812,130171505,73,16,1,28,32,1,21,0,0,24.24,0.25,12.5
"matrixMulKernel(matrix, matrix, matrix)",1698550529,204777695,292,16,1,7,32,1,21,0,0,127.069,0.8,67.883
"matrixMulKernel(matrix, matrix, matrix)",1905993043,140151656,114,16,1,18,32,1,21,0,0,124.74,0.8,67.957
"matrixMulKernel(matrix, matrix, matrix)",2048814125,153076224,170,16,1,12,32,1,21,0,0,24.24,0.25,12.5
"matrixMulKernel(matrix, matrix, matrix)",2204534945,359024723,680,16,1,3,32,1,21,0,0,133.312,0.962,64.75
"matrixMulKernel(matrix, matrix, matrix)",2566495413,148496617,136,16,1,15,32,1,21,0,0,46.704,0.496,22.222
"matrixMulKernel(matrix, matrix, matrix)",2717655985,130094550,73,16,1,28,32,1,21,0,0,137.355,0.908,59.822
"matrixMulKernel(matrix, matrix, matrix)",2850449656,473840809,1020,16,1,2,32,1,21,0,0,135.699,0.8,57.431
"matrixMulKernel(matrix, matrix, matrix)",3326959444,132241066,79,16,1,26,32,1,21,0,0,136.009,0.99,82.002
"matrixMulKernel(matrix, matrix, matrix)",3462202811,134346626,102,16,1,20,32,1,21,0,0,24.24,0.25,12.5
"matrixMulKernel(matrix, matrix, matrix)",3599281963,139178504,98,16,1,21,32,1,21,0,0,85.288,0.917,36.377
"matrixMulKernel(matrix, matrix, matrix)",3741244414,139187718,98,16,1,21,32,1,21,0,0,130.371,0.887,53.314
"matrixMulKernel(matrix, matrix, matrix)",3883111158,169628972,204,16,1,10,32,1,21,0,0,118.361,0.943,69.653
"matrixMulKernel(matrix, matrix, matrix)",4055385558,120298835,128,16,1,16,32,1,21,0,0,137.355,0.909,59.822
"matrixMulKernel(matrix, matrix, matrix)",4178310814,134370400,102,16,1,20,32,1,21,0,0,136.009,0.944,53.347
"matrixMulKernel(matrix, matrix, matrix)",4315384079,153157338,170,16,1,12,32,1,21,0,0,127.069,0.799,67.883
"matrixMulKernel(matrix, matrix, matrix)",4471189693,270522572,510,16,1,4,32,1,21,0,0,137.355,0.908,59.822
"matrixMulKernel(matrix, matrix, matrix)",4744368349,135037812,66,16,1,31,32,1,21,0,0,127.069,0.8,67.883
"matrixMulKernel(matrix, matrix, matrix)",4882058693,135503702,71,16,1,29,32,1,21,0,0,91.859,0.859,38.825
"matrixMulKernel(matrix, matrix, matrix)",5020217967,154194551,157,16,1,13,32,1,21,0,0,91.859,0.876,38.825
"matrixMulKernel(matrix, matrix, matrix)",5177087992,250258385,408,16,1,5,32,1,21,0,0,131.347,0.841,54.424
"matrixMulKernel(matrix, matrix, matrix)",5430036219,102680684,64,16,1,32,32,1,21,0,0,136.009,0.945,53.347
"matrixMulKernel(matrix, matrix, matrix)",5535385817,134220714,82,16,1,25,32,1,21,0,0,137.357,0.786,61.818
"matrixMulKernel(matrix, matrix, matrix)",5672232217,149755191,146,16,1,14,32,1,21,0,0,85.288,0.917,36.377
"matrixMulKernel(matrix, matrix, matrix)",5824634596,149680285,146,16,1,14,32,1,21,0,0,136.122,0.745,68.579
"matrixMulKernel(matrix, matrix, matrix)",5977158344,250222036,408,16,1,5,32,1,21,0,0,130.949,0.688,66.085
"matrixMulKernel(matrix, matrix, matrix)",6230091005,142303027,120,16,1,17,32,1,21,0,0,137.745,0.829,63.076
"matrixMulKernel(matrix, matrix, matrix)",6375013731,102477046,64,16,1,32,32,1,21,0,0,133.312,0.962,64.75
"matrixMulKernel(matrix, matrix, matrix)",6480129643,120258625,128,16,1,16,32,1,21,0,0,125.368,0.868,69.102
"matrixMulKernel(matrix, matrix, matrix)",6603036958,180408224,227,16,1,9,32,1,21,0,0,127.922,0.753,67.049
"matrixMulKernel(matrix, matrix, matrix)",6786132557,134337408,82,16,1,25,32,1,21,0,0,91.859,0.861,38.825
"matrixMulKernel(matrix, matrix, matrix)",6923125117,134367103,82,16,1,25,32,1,21,0,0,138.473,0.923,65.586
"matrixMulKernel(matrix, matrix, matrix)",7060209960,180436991,227,16,1,9,32,1,21,0,0,125.368,0.868,69.102
"matrixMulKernel(matrix, matrix, matrix)",7243313079,135055537,66,16,1,31,32,1,21,0,0,163.736,0.988,69.494
"matrixMulKernel(matrix, matrix, matrix)",7381005274,102469974,64,16,1,32,32,1,21,0,0,85.288,0.934,36.377
"matrixMulKernel(matrix, matrix, matrix)",7486144672,139184321,98,16,1,21,32,1,21,0,0,120.698,0.929,69.545
"matrixMulKernel(matrix, matrix, matrix)",7628094250,153006576,170,16,1,12,32,1,21,0,0,136.009,0.991,82.002
"matrixMulKernel(matrix, matrix, matrix)",7783785641,140456749,108,16,1,19,32,1,21,0,0,163.736,0.989,69.494
"matrixMulKernel(matrix, matrix, matrix)",7926907014,473882972,1020,16,1,2,32,1,21,0,0,131.347,0.842,54.424
"matrixMulKernel(matrix, matrix, matrix)",8403573962,135282530,89,16,1,23,32,1,21,0,0,125.368,0.868,69.102
"matrixMulKernel(matrix, matrix, matrix)",8541522364,154866742,157,16,1,13,32,1,21,0,0,136.009,0.942,53.347
"matrixMulKernel(matrix, matrix, matrix)",8699234486,149855392,146,16,1,14,32,1,21,0,0,136.009,0.989,82.002
"matrixMulKernel(matrix, matrix, matrix)",8851757926,165812388,186,16,1,11,32,1,21,0,0,137.355,0.909,59.822
"matrixMulKernel(matrix, matrix, matrix)",9020242553,135275491,89,16,1,23,32,1,21,0,0,138.368,0.845,59.199
"matrixMulKernel(matrix, matrix, matrix)",9158201995,250119304,408,16,1,5,32,1,21,0,0,139.927,0.909,57.132
"matrixMulKernel(matrix, matrix, matrix)",9411108731,130102296,73,16,1,28,32,1,21,0,0,130.949,0.688,66.085
"matrixMulKernel(matrix, matrix, matrix)",9543895234,136807261,71,16,1,29,32,1,21,0,0,127.069,0.799,67.883
"matrixMulKernel(matrix, matrix, matrix)",9683396877,102507124,64,16,1,32,32,1,21,0,0,137.355,0.907,59.822
"matrixMulKernel(matrix, matrix, matrix)",9788603279,140153441,114,16,1,18,32,1,21,0,0,124.74,0.8,67.957
"matrixMulKernel(matrix, matrix, matrix)",9931403073,142290548,120,16,1,17,32,1,21,0,0,136.009,0.99,82.002
"matrixMulKernel(matrix, matrix, matrix)",10076357381,180429119,227,16,1,9,32,1,21,0,0,135.622,0.871,63.385
"matrixMulKernel(matrix, matrix, matrix)",10259445044,134324513,102,16,1,20,32,1,21,0,0,127.069,0.799,67.883
"matrixMulKernel(matrix, matrix, matrix)",10396426438,250253376,408,16,1,5,32,1,21,0,0,137.355,0.909,59.822
"matrixMulKernel(matrix, matrix, matrix)",10649373172,204772889,292,16,1,7,32,1,21,0,0,123.798,0.905,50.658
"matrixMulKernel(matrix, matrix, matrix)",10856779359,130026045,73,16,1,28,32,1,21,0,0,63.538,0.704,28.738
"matrixMulKernel(matrix, matrix, matrix)",10989831124,270448139,510,16,1,4,32,1,21,0,0,120.698,0.929,69.545
"matrixMulKernel(matrix, matrix, matrix)",11263277976,165510770,186,16,1,11,32,1,21,0,0,163.736,0.989,69.494
"matrixMulKernel(matrix, matrix, matrix)",11431643885,180222951,227,16,1,9,32,1,21,0,0,85.288,0.919,36.377
"matrixMulKernel(matrix, matrix, matrix)",11614542051,142291279,120,16,1,17,32,1,21,0,0,121.389,0.865,68.728
"matrixMulKernel(matrix, matrix, matrix)",11759762672,140448360,108,16,1,19,32,1,21,0,0,125.368,0.868,69.102
"matrixMulKernel(matrix, matrix, matrix)",11902811565,148578223,136,16,1,15,32,1,21,0,0,123.798,0.894,50.658
"matrixMulKernel(matrix, matrix, matrix)",12054055020,140480038,108,16,1,19,32,1,21,0,0,118.361,0.943,69.653
"matrixMulKernel(matrix, matrix, matrix)",12197216193,119834937,85,16,1,24,32,1,21,0,0,123.798,0.891,50.658
"matrixMulKernel(matrix, matrix, matrix)",12319792901,218940651,340,16,1,6,32,1,21,0,0,133.312,0.962,64.75
"matrixMulKernel(matrix, matrix, matrix)",12541402015,250331442,408,16,1,5,32,1,21,0,0,139.927,0.911,57.132
"matrixMulKernel(matrix, matrix, matrix)",12794496603,219028005,340,16,1,6,32,1,21,0,0,24.24,0.25,12.5
"matrixMulKernel(matrix, matrix, matrix)",13016225517,250276054,408,16,1,5,32,1,21,0,0,163.736,0.987,69.494
"matrixMulKernel(matrix, matrix, matrix)",13269289323,166638119,255,16,1,8,32,1,21,0,0,133.312,0.962,64.75
"matrixMulKernel(matrix, matrix, matrix)",13438585827,169594532,204,16,1,10,32,1,21,0,0,139.927,0.911,57.132
"matrixMulKernel(matrix, matrix, matrix)",13610970830,120061834,128,16,1,16,32,1,21,0,0,127.922,0.759,67.049
"matrixMulKernel(matrix, matrix, matrix)",13733929049,165922135,186,16,1,11,32,1,21,0,0,138.473,0.922,65.586
"matrixMulKernel(matrix, matrix, matrix)",13902702451,140450824,108,16,1,19,32,1,21,0,0,124.74,0.799,67.957
"matrixMulKernel(matrix, matrix, matrix)",14045906630,139187675,98,16,1,21,32,1,21,0,0,46.704,0.495,22.222
"matrixMulKernel(matrix, matrix, matrix)",14187719828,169621922,204,16,1,10,32,1,21,0,0,130.949,0.688,66.085
"matrixMulKernel(matrix, matrix, matrix)",14360016165,270851112,510,16,1,4,32,1,21,0,0,121.389,0.871,68.728
"matrixMulKernel(matrix, matrix, matrix)",14633586297,135219234,66,16,1,31,32,1,21,0,0,131.347,0.838,54.424
"matrixMulKernel(matrix, matrix, matrix)",14771484682,140146172,114,16,1,18,32,1,21,0,0,118.361,0.942,69.653
"matrixMulKernel(matrix, matrix, matrix)",14914306837,250216442,408,16,1,5,32,1,21,0,0,46.704,0.495,22.222
"matrixMulKernel(matrix, matrix, matrix)",15167211709,180617165,227,16,1,9,32,1,21,0,0,85.288,0.934,36.377
"matrixMulKernel(matrix, matrix, matrix)",15350500665,997533667,2039,16,1,1,32,1,21,0,0,136.122,0.745,68.579
"matrixMulKernel(matrix, matrix, matrix)",16350790764,126534119,93,16,1,22,32,1,21,0,0,131.347,0.842,54.424
"matrixMulKernel(matrix, matrix, matrix)",16480007522,102619952,64,16,1,32,32,1,21,0,0,127.922,0.759,67.049
"matrixMulKernel(matrix, matrix, matrix)",16585278563,135713417,76,16,1,27,32,1,21,0,0,139.927,0.911,57.132
"matrixMulKernel(matrix, matrix, matrix)",16723640510,140452944,108,16,1,19,32,1,21,0,0,138.473,0.922,65.586
"matrixMulKernel(matrix, matrix, matrix)",16866746111,136270405,71,16,1,29,32,1,21,0,0,127.069,0.799,67.883
"matrixMulKernel(matrix, matrix, matrix)",17005734161,140478127,108,16,1,19,32,1,21,0,0,46.704,0.495,22.222
"matrixMulKernel(matrix, matrix, matrix)",17148881903,204704420,292,16,1,7,32,1,21,0,0,124.74,0.798,67.957
"matrixMulKernel(matrix, matrix, matrix)",17356276865,270548621,510,16,1,4,32,1,21,0,0,63.538,0.702,28.738
"matrixMulKernel(matrix, matrix, matrix)",17629618133,204858617,292,16,1,7,32,1,21,0,0,125.368,0.868,69.102
"matrixMulKernel(matrix, matrix, matrix)",17837170333,166603764,255,16,1,8,32,1,21,0,0,91.859,0.875,38.825
"matrixMulKernel(matrix, matrix, matrix)",18006430049,134480667,82,16,1,25,32,1,21,0,0,24.24,0.25,12.5
"matrixMulKernel(matrix, matrix, matrix)",18143580684,119827553,85,16,1,24,32,1,21,0,0,121.389,0.874,68.728
"matrixMulKernel(matrix, matrix, matrix)",18266062110,135663372,71,16,1,29,32,1,21,0,0,125.368,0.868,69.102
"matrixMulKernel(matrix, matrix, matrix)",18404627179,997551776,2039,16,1,1,32,1,21,0,0,133.312,0.962,64.75
"matrixMulKernel(matrix, matrix, matrix)",19404968691,997612733,2039,16,1,1,32,1,21,0,0,120.698,0.929,69.545
"matrixMulKernel(matrix, matrix, matrix)",20405305852,474035264,1020,16,1,2,32,1,21,0,0,130.949,0.688,66.085
"matrixMulKernel(matrix, matrix, matrix)",20882078407,250455034,408,16,1,5,32,1,21,0,0,130.949,0.69,66.085
"matrixMulKernel(matrix, matrix, matrix)",21135197553,140146341,114,16,1,18,32,1,21,0,0,163.736,0.988,69.494
"matrixMulKernel(matrix, matrix, matrix)",21277995143,126527495,93,16,1,22,32,1,21,0,0,133.312,0.962,64.75
"matrixMulKernel(matrix, matrix, matrix)",21407197221,135292404,89,16,1,23,32,1,21,0,0,63.538,0.702,28.738
"matrixMulKernel(matrix, matrix, matrix)",21545133323,166552106,255,16,1,8,32,1,21,0,0,118.361,0.941,69.653
"matrixMulKernel(matrix, matrix, matrix)",21714325959,119739060,85,16,1,24,32,1,21,0,0,137.357,0.786,61.818
"matrixMulKernel(matrix, matrix, matrix)",21836688878,474159597,1020,16,1,2,32,1,21,0,0,120.698,0.93,69.545
"matrixMulKernel(matrix, matrix, matrix)",22313631524,135697562,66,16,1,31,32,1,21,0,0,125.368,0.868,69.102
"matrixMulKernel(matrix, matrix, matrix)",22452000046,180621868,227,16,1,9,32,1,21,0,0,136.009,0.947,53.347
"matrixMulKernel(matrix, matrix, matrix)",22635243821,135290964,89,16,1,23,32,1,21,0,0,111.123,0.895,45.668
"matrixMulKernel(matrix, matrix, matrix)",22773240527,154296177,157,16,1,13,32,1,21,0,0,127.922,0.759,67.049
"matrixMulKernel(matrix, matrix, matrix)",22930188338,135267221,89,16,1,23,32,1,21,0,0,111.123,0.897,45.668
"matrixMulKernel(matrix, matrix, matrix)",23068161109,154612477,157,16,1,13,32,1,21,0,0,85.288,0.917,36.377
"matrixMulKernel(matrix, matrix, matrix)",23225416739,140147509,114,16,1,18,32,1,21,0,0,137.745,0.829,63.076
"matrixMulKernel(matrix, matrix, matrix)",23368194027,165892373,186,16,1,11,32,1,21,0,0,139.927,0.914,57.132
"matrixMulKernel(matrix, matrix, matrix)",23536740626,149783450,146,16,1,14,32,1,21,0,0,137.355,0.91,59.822
"matrixMulKernel(matrix, matrix, matrix)",23689246841,148519341,136,16,1,15,32,1,21,0,0,137.357,0.785,61.818
"matrixMulKernel(matrix, matrix, matrix)",23840493714,140481279,108,16,1,19,32,1,21,0,0,124.74,0.8,67.957
"matrixMulKernel(matrix, matrix, matrix)",23983853971,204720793,292,16,1,7,32,1,21,0,0,163.736,0.987,69.494
"matrixMulKernel(matrix, matrix, matrix)",24191457263,474147213,1020,16,1,2,32,1,21,0,0,120.698,0.928,69.545
"matrixMulKernel(matrix, matrix, matrix)",24668241039,149644003,146,16,1,14,32,1,21,0,0,130.949,0.688,66.085
"matrixMulKernel(matrix, matrix, matrix)",24820514245,120291568,128,16,1,16,32,1,21,0,0,127.922,0.759,67.049
"matrixMulKernel(matrix, matrix, matrix)",24943430760,134430381,82,16,1,25,32,1,21,0,0,125.368,0.868,69.102
"matrixMulKernel(matrix, matrix, matrix)",25080494152,148609703,136,16,1,15,32,1,21,0,0,133.356,0.677,65.86
"matrixMulKernel(matrix, matrix, matrix)",25231857146,270418995,510,16,1,4,32,1,21,0,0,91.859,0.859,38.825
"matrixMulKernel(matrix, matrix, matrix)",25505234411,180557039,227,16,1,9,32,1,21,0,0,46.704,0.495,22.222
"matrixMulKernel(matrix, matrix, matrix)",25688481961,154357037,157,16,1,13,32,1,21,0,0,137.745,0.829,63.076
"matrixMulKernel(matrix, matrix, matrix)",25845515782,142257290,120,16,1,17,32,1,21,0,0,133.312,0.962,64.75
"matrixMulKernel(matrix, matrix, matrix)",25990450272,135689050,71,16,1,29,32,1,21,0,0,138.473,0.922,65.586
"matrixMulKernel(matrix, matrix, matrix)",26128799882,134352115,102,16,1,20,32,1,21,0,0,121.389,0.88,68.728
"matrixMulKernel(matrix, matrix, matrix)",26265856043,165857815,186,16,1,11,32,1,21,0,0,135.622,0.87,63.385
"matrixMulKernel(matrix, matrix, matrix)",26434466455,132812714,68,16,1,30,32,1,21,0,0,123.798,0.91,50.658
"matrixMulKernel(matrix, matrix, matrix)",26570016494,997606203,2039,16,1,1,32,1,21,0,0,137.745,0.829,63.076
"matrixMulKernel(matrix, matrix, matrix)",27570416754,149621722,146,16,1,14,32,1,21,0,0,130.371,0.886,53.314
"matrixMulKernel(matrix, matrix, matrix)",27722839860,140494514,108,16,1,19,32,1,21,0,0,130.371,0.886,53.314
"matrixMulKernel(matrix, matrix, matrix)",27866024981,102685382,64,16,1,32,32,1,21,0,0,111.123,0.893,45.668
"matrixMulKernel(matrix, matrix, matrix)",27971356813,134184848,82,16,1,25,32,1,21,0,0,138.368,0.841,59.199
"matrixMulKernel(matrix, matrix, matrix)",28108173488,169723634,204,16,1,10,32,1,21,0,0,138.368,0.841,59.199
"matrixMulKernel(matrix, matrix, matrix)",28280741575,134367236,82,16,1,25,32,1,21,0,0,24.24,0.25,12.5
"matrixMulKernel(matrix, matrix, matrix)",28417760957,134382788,82,16,1,25,32,1,21,0,0,136.009,0.942,53.347
"matrixMulKernel(matrix, matrix, matrix)",28554886028,180393941,227,16,1,9,32,1,21,0,0,63.538,0.7,28.738
"matrixMulKernel(matrix, matrix, matrix)",28738034220,149600956,146,16,1,14,32,1,21,0,0,127.922,0.753,67.049
"matrixMulKernel(matrix, matrix, matrix)",28890299481,135249354,71,16,1,29,32,1,21,0,0,133.356,0.677,65.86
"matrixMulKernel(matrix, matrix, matrix)",29028288847,142284060,120,16,1,17,32,1,21,0,0,136.009,0.935,53.347
"matrixMulKernel(matrix, matrix, matrix)",29173234684,142308507,120,16,1,17,32,1,21,0,0,163.736,0.987,69.494
"matrixMulKernel(matrix, matrix, matrix)",29318217863,136234826,71,16,1,29,32,1,21,0,0,111.123,0.898,45.668
"matrixMulKernel(matrix, matrix, matrix)",29457098371,148536066,136,16,1,15,32,1,21,0,0,127.922,0.759,67.049
"matrixMulKernel(matrix, matrix, matrix)",29608267160,152946624,170,16,1,12,32,1,21,0,0,136.122,0.745,68.579
"matrixMulKernel(matrix, matrix, matrix)",29763883528,154524088,157,16,1,13,32,1,21,0,0,131.347,0.84,54.424
"matrixMulKernel(matrix, matrix, matrix)",29921106671,132811211,68,16,1,30,32,1,21,0,0,91.859,0.872,38.825
"matrixMulKernel(matrix, matrix, matrix)",30056573835,131934500,79,16,1,26,32,1,21,0,0,138.368,0.842,59.199
"matrixMulKernel(matrix, matrix, matrix)",30191361940,154905983,157,16,1,13,32,1,21,0,0,135.622,0.871,63.385
"matrixMulKernel(matrix, matrix, matrix)",30348930244,135554134,71,16,1,29,32,1,21,0,0,46.704,0.496,22.222
"matrixMulKernel(matrix, matrix, matrix)",30487125389,218889459,340,16,1,6,32,1,21,0,0,136.009,0.99,82.002
"matrixMulKernel(matrix, matrix, matrix)",30708659923,142363479,120,16,1,17,32,1,21,0,0,130.371,0.894,53.314
"matrixMulKernel(matrix, matrix, matrix)",30853656317,134378787,102,16,1,20,32,1,21,0,0,137.745,0.829,63.076
"matrixMulKernel(matrix, matrix, matrix)",30990643221,180320121,227,16,1,9,32,1,21,0,0,63.538,0.705,28.738
"matrixMulKernel(matrix, matrix, matrix)",31173606017,142282364,120,16,1,17,32,1,21,0,0,135.622,0.87,63.385
"matrixMulKernel(matrix, matrix, matrix)",31318523376,997674711,2039,16,1,1,32,1,21,0,0,118.361,0.943,69.653
"matrixMulKernel(matrix, matrix, matrix)",32318911160,165949258,186,16,1,11,32,1,21,0,0,121.389,0.878,68.728
"matrixMulKernel(matrix, matrix, matrix)",32487495285,136212518,76,16,1,27,32,1,21,0,0,111.123,0.889,45.668
"matrixMulKernel(matrix, matrix, matrix)",32626332079,132852034,68,16,1,30,32,1,21,0,0,137.357,0.786,61.818
"matrixMulKernel(matrix, matrix, matrix)",32761822852,997646524,2039,16,1,1,32,1,21,0,0,63.538,0.701,28.738
"matrixMulKernel(matrix, matrix, matrix)",33762223723,166540995,255,16,1,8,32,1,21,0,0,136.009,0.989,82.002
"matrixMulKernel(matrix, matrix, matrix)",33931416513,140474414,108,16,1,19,32,1,21,0,0,139.927,0.914,57.132
"matrixMulKernel(matrix, matrix, matrix)",34074571648,154802692,157,16,1,13,32,1,21,0,0,163.736,0.986,69.494
"matrixMulKernel(matrix, matrix, matrix)",34232320259,204742461,292,16,1,7,32,1,21,0,0,135.699,0.799,57.431
"matrixMulKernel(matrix, matrix, matrix)",34439782989,250420013,408,16,1,5,32,1,21,0,0,137.357,0.786,61.818
"matrixMulKernel(matrix, matrix, matrix)",34692862060,358948648,680,16,1,3,32,1,21,0,0,139.927,0.913,57.132
"matrixMulKernel(matrix, matrix, matrix)",35054524866,169677366,204,16,1,10,32,1,21,0,0,111.123,0.899,45.668
"matrixMulKernel(matrix, matrix, matrix)",35226840843,140482830,108,16,1,19,32,1,21,0,0,118.361,0.943,69.653
"matrixMulKernel(matrix, matrix, matrix)",35369990954,130079544,73,16,1,28,32,1,21,0,0,46.704,0.496,22.222
"matrixMulKernel(matrix, matrix, matrix)",35502703925,165811059,186,16,1,11,32,1,21,0,0,136.122,0.745,68.579
"matrixMulKernel(matrix, matrix, matrix)",35671268724,142288280,120,16,1,17,32,1,21,0,0,137.745,0.829,63.076
"matrixMulKernel(matrix, matrix, matrix)",35816433519,250276663,408,16,1,5,32,1,21,0,0,104.796,0.852,43.233
"matrixMulKernel(matrix, matrix, matrix)",36069423252,250253016,408,16,1,5,32,1,21,0,0,133.312,0.962,64.75
"matrixMulKernel(matrix, matrix, matrix)",36322350269,270595459,510,16,1,4,32,1,21,0,0,125.368,0.867,69.102
"matrixMulKernel(matrix, matrix, matrix)",36595653135,473913949,1020,16,1,2,32,1,21,0,0,124.74,0.799,67.957
"matrixMulKernel(matrix, matrix, matrix)",37072388723,120243708,128,16,1,16,32,1,21,0,0,85.288,0.923,36.377
"matrixMulKernel(matrix, matrix, matrix)",37195269538,166457513,255,16,1,8,32,1,21,0,0,123.798,0.907,50.658
"matrixMulKernel(matrix, matrix, matrix)",37364465625,119864490,85,16,1,24,32,1,21,0,0,163.736,0.987,69.494
"matrixMulKernel(matrix, matrix, matrix)",37486956376,140140765,114,16,1,18,32,1,21,0,0,111.123,0.892,45.668
"matrixMulKernel(matrix, matrix, matrix)",37629757448,154608460,157,16,1,13,32,1,21,0,0,124.74,0.8,67.957
"matrixMulKernel(matrix, matrix, matrix)",37787027910,132268608,79,16,1,26,32,1,21,0,0,130.949,0.688,66.085
"matrixMulKernel(matrix, matrix, matrix)",37921932442,126540310,93,16,1,22,32,1,21,0,0,130.949,0.688,66.085
"matrixMulKernel(matrix, matrix, matrix)",38051263834,140471368,108,16,1,19,32,1,21,0,0,138.473,0.923,65.586
"matrixMulKernel(matrix, matrix, matrix)",38194370198,204763488,292,16,1,7,32,1,21,0,0,137.355,0.907,59.822
"matrixMulKernel(matrix, matrix, matrix)",38401762346,135279836,89,16,1,23,32,1,21,0,0,24.24,0.25,12.5
"matrixMulKernel(matrix, matrix, matrix)",38539654811,997640815,2039,16,1,1,32,1,21,0,0,121.389,0.88,68.728
"matrixMulKernel(matrix, matrix, matrix)",39540079829,140482759,108,16,1,19,32,1,21,0,0,46.704,0.496,22.222
"matrixMulKernel(matrix, matrix, matrix)",39683187888,165707672,186,16,1,11,32,1,21,0,0,130.371,0.891,53.314
"matrixMulKernel(matrix, matrix, matrix)",39851542683,270563094,510,16,1,4,32,1,21,0,0,138.473,0.923,65.586
"matrixMulKernel(matrix, matrix, matrix)",40124759716,135393652,89,16,1,23,32,1,21,0,0,125.368,0.868,69.102
"matrixMulKernel(matrix, matrix, matrix)",40262788427,135727934,76,16,1,27,32,1,21,0,0,46.704,0.496,22.222
"matrixMulKernel(matrix, matrix, matrix)",40401148445,135043979,66,16,1,31,32,1,21,0,0,135.699,0.799,57.431
"matrixMulKernel(matrix, matrix, matrix)",40539106826,134368278,102,16,1,20,32,1,21,0,0,133.356,0.677,65.86
"matrixMulKernel(matrix, matrix, matrix)",40676229356,140470793,108,16,1,19,32,1,21,0,0,91.859,0.874,38.825
"matrixMulKernel(matrix, matrix, matrix)",40819322121,154632843,157,16,1,13,32,1,21,0,0,133.312,0.962,64.75
"matrixMulKernel(matrix, matrix, matrix)",40976651620,474165346,1020,16,1,2,32,1,21,0,0,138.473,0.923,65.586
"matrixMulKernel(matrix, matrix, matrix)",41453498071,358963144,680,16,1,3,32,1,21,0,0,125.368,0.868,69.102
"matrixMulKernel(matrix, matrix, matrix)",41815100019,474172673,1020,16,1,2,32,1,21,0,0,91.859,0.865,38.825
"matrixMulKernel(matrix, matrix, matrix)",42292031616,135396308,89,16,1,23,32,1,21,0,0,138.368,0.841,59.199
"matrixMulKernel(matrix, matrix, matrix)",42430071148,270526733,510,16,1,4,32,1,21,0,0,124.74,0.8,67.957
"matrixMulKernel(matrix, matrix, matrix)",42703304712,270459313,510,16,1,4,32,1,21,0,0,130.371,0.887,53.314
"matrixMulKernel(matrix, matrix, matrix)",42976429900,131959885,79,16,1,26,32,1,21,0,0,24.24,0.25,12.5
"matrixMulKernel(matrix, matrix, matrix)",43111010478,150014646,146,16,1,14,32,1,21,0,0,163.736,0.988,69.494
"matrixMulKernel(matrix, matrix, matrix)",43263703029,136853999,71,16,1,29,32,1,21,0,0,137.355,0.908,59.822
"matrixMulKernel(matrix, matrix, matrix)",43403190137,120131983,128,16,1,16,32,1,21,0,0,46.704,0.496,22.222
"matrixMulKernel(matrix, matrix, matrix)",43525933950,136739286,76,16,1,27,32,1,21,0,0,131.347,0.841,54.424
"matrixMulKernel(matrix, matrix, matrix)",43665396547,102495181,64,16,1,32,32,1,21,0,0,135.699,0.799,57.431
"matrixMulKernel(matrix, matrix, matrix)",43770515013,154506993,157,16,1,13,32,1,21,0,0,138.473,0.923,65.586
"matrixMulKernel(matrix, matrix, matrix)",43927668969,166429417,255,16,1,8,32,1,21,0,0,136.009,0.989,82.002
"matrixMulKernel(matrix, matrix, matrix)",44096791106,997639376,2039,16,1,1,32,1,21,0,0,85.288,0.92,36.377
"matrixMulKernel(matrix, matrix, matrix)",45097115011,140472643,108,16,1,19,32,1,21,0,0,133.312,0.962,64.75
"matrixMulKernel(matrix, matrix, matrix)",45240224570,130065417,73,16,1,28,32,1,21,0,0,127.922,0.76,67.049
"matrixMulKernel(matrix, matrix, matrix)",45372917464,474106210,1020,16,1,2,32,1,21,0,0,127.922,0.758,67.049
"matrixMulKernel(matrix, matrix, matrix)",45849795461,119842403,85,16,1,24,32,1,21,0,0,24.24,0.25,12.5
"matrixMulKernel(matrix, matrix, matrix)",45972515436,135264278,66,16,1,31,32,1,21,0,0,136.122,0.745,68.579
"matrixMulKernel(matrix, matrix, matrix)",46110550894,135843568,76,16,1,27,32,1,21,0,0,125.368,0.868,69.102
"matrixMulKernel(matrix, matrix, matrix)",46249090799,140163223,114,16,1,18,32,1,21,0,0,135.622,0.871,63.385
"matrixMulKernel(matrix, matrix, matrix)",46391862140,250318833,408,16,1,5,32,1,21,0,0,127.922,0.753,67.049
"matrixMulKernel(matrix, matrix, matrix)",46644865374,136005734,66,16,1,31,32,1,21,0,0,136.009,0.99,82.002
"matrixMulKernel(matrix, matrix, matrix)",46783533015,166654745,255,16,1,8,32,1,21,0,0,91.859,0.873,38.825
"matrixMulKernel(matrix, matrix, matrix)",46952872417,154833500,157,16,1,13,32,1,21,0,0,138.368,0.842,59.199
"matrixMulKernel(matrix, matrix, matrix)",47110351121,169678965,204,16,1,10,32,1,21,0,0,138.473,0.923,65.586
"matrixMulKernel(matrix, matrix, matrix)",47282670042,169633559,204,16,1,10,32,1,21,0,0,138.368,0.84,59.199
"matrixMulKernel(matrix, matrix, matrix)",47455088102,148600784,136,16,1,15,32,1,21,0,0,137.357,0.786,61.818
"matrixMulKernel(matrix, matrix, matrix)",47606387399,130195995,73,16,1,28,32,1,21,0,0,125.368,0.868,69.102
"matrixMulKernel(matrix, matrix, matrix)",47739404843,136600155,71,16,1,29,32,1,21,0,0,135.699,0.8,57.431
"matrixMulKernel(matrix, matrix, matrix)",47878666105,135269137,89,16,1,23,32,1,21,0,0,131.347,0.84,54.424
"matrixMulKernel(matrix, matrix, matrix)",48016573759,140153557,114,16,1,18,32,1,21,0,0,85.288,0.93,36.377
"matrixMulKernel(matrix, matrix, matrix)",48159365640,166388717,255,16,1,8,32,1,21,0,0,127.922,0.759,67.049
"matrixMulKernel(matrix, matrix, matrix)",48328394346,134362828,102,16,1,20,32,1,21,0,0,130.949,0.688,66.085
"matrixMulKernel(matrix, matrix, matrix)",48465387628,180455004,227,16,1,9,32,1,21,0,0,135.699,0.799,57.431
"matrixMulKernel(matrix, matrix, matrix)",48648656369,140462912,108,16,1,19,32,1,21,0,0,63.538,0.7,28.738
"matrixMulKernel(matrix, matrix, matrix)",48791924987,136931782,71,16,1,29,32,1,21,0,0,104.796,0.853,43.233
"matrixMulKernel(matrix, matrix, matrix)",48931520404,250326595,408,16,1,5,32,1,21,0,0,118.361,0.943,69.653
"matrixMulKernel(matrix, matrix, matrix)",49184525673,165816083,186,16,1,11,32,1,21,0,0,127.922,0.759,67.049
"matrixMulKernel(matrix, matrix, matrix)",49352985328,135299056,66,16,1,31,32,1,21,0,0,123.798,0.907,50.658
"matrixMulKernel(matrix, matrix, matrix)",49490912117,119846267,85,16,1,24,32,1,21,0,0,24.24,0.25,12.5
"matrixMulKernel(matrix, matrix, matrix)",49613396229,102538046,64,16,1,32,32,1,21,0,0,133.356,0.677,65.86
"matrixMulKernel(matrix, matrix, matrix)",49718558201,219084784,340,16,1,6,32,1,21,0,0,137.357,0.786,61.818
"matrixMulKernel(matrix, matrix, matrix)",49940293341,135668791,71,16,1,29,32,1,21,0,0,85.288,0.925,36.377
"matrixMulKernel(matrix, matrix, matrix)",50078590090,134324942,102,16,1,20,32,1,21,0,0,130.371,0.891,53.314
"matrixMulKernel(matrix, matrix, matrix)",50215544622,148646957,136,16,1,15,32,1,21,0,0,138.368,0.841,59.199
"matrixMulKernel(matrix, matrix, matrix)",50366823344,120093451,128,16,1,16,32,1,21,0,0,135.699,0.798,57.431
"matrixMulKernel(matrix, matrix, matrix)",50489553424,148577521,136,16,1,15,32,1,21,0,0,133.356,0.677,65.86
"matrixMulKernel(matrix, matrix, matrix)",50640754103,169713557,204,16,1,10,32,1,21,0,0,138.368,0.845,59.199
"matrixMulKernel(matrix, matrix, matrix)",50813104193,130138271,73,16,1,28,32,1,21,0,0,135.699,0.799,57.431
"matrixMulKernel(matrix, matrix, matrix)",50945874101,134359468,102,16,1,20,32,1,21,0,0,24.24,0.25,12.5
"matrixMulKernel(matrix, matrix, matrix)",51082866998,166631102,255,16,1,8,32,1,21,0,0,137.355,0.907,59.822
"matrixMulKernel(matrix, matrix, matrix)",51252148360,140473215,108,16,1,19,32,1,21,0,0,133.312,0.962,64.75
"matrixMulKernel(matrix, matrix, matrix)",51395233726,102671222,64,16,1,32,32,1,21,0,0,138.473,0.922,65.586
"matrixMulKernel(matrix, matrix, matrix)",51500524426,140461888,108,16,1,19,32,1,21,0,0,124.74,0.8,67.957
"matrixMulKernel(matrix, matrix, matrix)",51643592321,180159119,227,16,1,9,32,1,21,0,0,24.24,0.25,12.5
